TopicName,TestType,QuestionTitle,AnswerType,ContentFormat,AnswerData,Marks,CorrectAnswer
Online  Learning,Practise Test,Online Learning-1,1,1,To,0,
Online  Learning,Practise Test,Online Learning-1,1,1,From,2,Yes
Online  Learning,Practise Test,Online Learning-1,1,1,At,0,
Online  Learning,Practise Test,Online Learning-1,1,1,In,0,
Online  Learning,Practise Test,Online Learning-2,1,1,Are,0,
Online  Learning,Practise Test,Online Learning-2,1,1,Were,2,Yes
Online  Learning,Practise Test,Online Learning-2,1,1,was,0,
Online  Learning,Practise Test,Online Learning-2,1,1,have been,0,
Online  Learning,Practise Test,Learning-1,1,1,I is a cold ,0,
Online  Learning,Practise Test,Learning-1,1,1,I am Cold ,0,
Online  Learning,Practise Test,Learning-1,1,1,I has Cold,0,
Online  Learning,Practise Test,Learning-1,1,1,I have cold ,2,Yes
Online  Learning,Practise Test,learning-2,1,1,I am a Nurse ,0,
Online  Learning,Practise Test,learning-2,1,1,"I am Fine, thanks. And You?",2,Yes
Online  Learning,Practise Test,learning-2,1,1,Good,0,
Online  Learning,Practise Test,learning-2,1,1,I am Working,0,
Online  Learning,Practise Test,Mock test-1,1,1,Prohibit,0,
Online  Learning,Practise Test,Mock test-1,1,1,Prevent,2,Yes
Online  Learning,Practise Test,Mock test-1,1,1,Avoid,0,
Online  Learning,Practise Test,Mock test-1,1,1,Prevent,0,
